[
  {
    "name": "Process Start",
    "start": 1618213084608,
    "end": 1618213085020,
    "duration": 412,
    "pid": 38228,
    "index": 0
  },
  {
    "name": "Application Start",
    "start": 1618213085021,
    "end": 1618213087613,
    "duration": 2592,
    "pid": 38228,
    "index": 1
  },
  {
    "name": "Load Plugin",
    "start": 1618213085035,
    "end": 1618213085041,
    "duration": 6,
    "pid": 38228,
    "index": 2
  },
  {
    "name": "Load Config",
    "start": 1618213085041,
    "end": 1618213085055,
    "duration": 14,
    "pid": 38228,
    "index": 3
  },
  {
    "name": "Require(0) config/config.default.ts",
    "start": 1618213085042,
    "end": 1618213085043,
    "duration": 1,
    "pid": 38228,
    "index": 4
  },
  {
    "name": "Require(1) config/config.local.ts",
    "start": 1618213085044,
    "end": 1618213085045,
    "duration": 1,
    "pid": 38228,
    "index": 5
  },
  {
    "name": "Require(2) node_modules/egg-session/config/config.default.js",
    "start": 1618213085046,
    "end": 1618213085047,
    "duration": 1,
    "pid": 38228,
    "index": 6
  },
  {
    "name": "Require(3) node_modules/egg-security/config/config.default.js",
    "start": 1618213085047,
    "end": 1618213085047,
    "duration": 0,
    "pid": 38228,
    "index": 7
  },
  {
    "name": "Require(4) node_modules/egg-jsonp/config/config.default.js",
    "start": 1618213085048,
    "end": 1618213085049,
    "duration": 1,
    "pid": 38228,
    "index": 8
  },
  {
    "name": "Require(5) node_modules/egg-onerror/config/config.default.js",
    "start": 1618213085049,
    "end": 1618213085049,
    "duration": 0,
    "pid": 38228,
    "index": 9
  },
  {
    "name": "Require(6) node_modules/egg-i18n/config/config.default.js",
    "start": 1618213085049,
    "end": 1618213085050,
    "duration": 1,
    "pid": 38228,
    "index": 10
  },
  {
    "name": "Require(7) node_modules/egg-watcher/config/config.default.js",
    "start": 1618213085050,
    "end": 1618213085050,
    "duration": 0,
    "pid": 38228,
    "index": 11
  },
  {
    "name": "Require(8) node_modules/egg-schedule/config/config.default.js",
    "start": 1618213085050,
    "end": 1618213085051,
    "duration": 1,
    "pid": 38228,
    "index": 12
  },
  {
    "name": "Require(9) node_modules/egg-multipart/config/config.default.js",
    "start": 1618213085051,
    "end": 1618213085051,
    "duration": 0,
    "pid": 38228,
    "index": 13
  },
  {
    "name": "Require(10) node_modules/egg-development/config/config.default.js",
    "start": 1618213085051,
    "end": 1618213085051,
    "duration": 0,
    "pid": 38228,
    "index": 14
  },
  {
    "name": "Require(11) node_modules/egg-logrotator/config/config.default.js",
    "start": 1618213085051,
    "end": 1618213085052,
    "duration": 1,
    "pid": 38228,
    "index": 15
  },
  {
    "name": "Require(12) node_modules/egg-static/config/config.default.js",
    "start": 1618213085052,
    "end": 1618213085052,
    "duration": 0,
    "pid": 38228,
    "index": 16
  },
  {
    "name": "Require(13) node_modules/egg-view/config/config.default.js",
    "start": 1618213085052,
    "end": 1618213085052,
    "duration": 0,
    "pid": 38228,
    "index": 17
  },
  {
    "name": "Require(14) node_modules/egg-cors/config/config.default.js",
    "start": 1618213085052,
    "end": 1618213085052,
    "duration": 0,
    "pid": 38228,
    "index": 18
  },
  {
    "name": "Require(15) node_modules/egg-sequelize-ts/config/config.default.js",
    "start": 1618213085052,
    "end": 1618213085053,
    "duration": 1,
    "pid": 38228,
    "index": 19
  },
  {
    "name": "Require(16) node_modules/egg/config/config.default.js",
    "start": 1618213085053,
    "end": 1618213085053,
    "duration": 0,
    "pid": 38228,
    "index": 20
  },
  {
    "name": "Require(17) config/config.default.ts",
    "start": 1618213085054,
    "end": 1618213085054,
    "duration": 0,
    "pid": 38228,
    "index": 21
  },
  {
    "name": "Require(18) node_modules/egg-security/config/config.local.js",
    "start": 1618213085054,
    "end": 1618213085054,
    "duration": 0,
    "pid": 38228,
    "index": 22
  },
  {
    "name": "Require(19) node_modules/egg-watcher/config/config.local.js",
    "start": 1618213085054,
    "end": 1618213085054,
    "duration": 0,
    "pid": 38228,
    "index": 23
  },
  {
    "name": "Require(20) node_modules/egg-view/config/config.local.js",
    "start": 1618213085054,
    "end": 1618213085054,
    "duration": 0,
    "pid": 38228,
    "index": 24
  },
  {
    "name": "Require(21) node_modules/egg/config/config.local.js",
    "start": 1618213085055,
    "end": 1618213085055,
    "duration": 0,
    "pid": 38228,
    "index": 25
  },
  {
    "name": "Require(22) config/config.local.ts",
    "start": 1618213085055,
    "end": 1618213085055,
    "duration": 0,
    "pid": 38228,
    "index": 26
  },
  {
    "name": "Load extend/application.js",
    "start": 1618213085055,
    "end": 1618213085062,
    "duration": 7,
    "pid": 38228,
    "index": 27
  },
  {
    "name": "Require(23) node_modules/egg-session/app/extend/application.js",
    "start": 1618213085056,
    "end": 1618213085057,
    "duration": 1,
    "pid": 38228,
    "index": 28
  },
  {
    "name": "Require(24) node_modules/egg-security/app/extend/application.js",
    "start": 1618213085058,
    "end": 1618213085058,
    "duration": 0,
    "pid": 38228,
    "index": 29
  },
  {
    "name": "Require(25) node_modules/egg-jsonp/app/extend/application.js",
    "start": 1618213085059,
    "end": 1618213085059,
    "duration": 0,
    "pid": 38228,
    "index": 30
  },
  {
    "name": "Require(26) node_modules/egg-logrotator/app/extend/application.js",
    "start": 1618213085060,
    "end": 1618213085060,
    "duration": 0,
    "pid": 38228,
    "index": 31
  },
  {
    "name": "Require(27) node_modules/egg-view/app/extend/application.js",
    "start": 1618213085060,
    "end": 1618213085061,
    "duration": 1,
    "pid": 38228,
    "index": 32
  },
  {
    "name": "Load extend/request.js",
    "start": 1618213085062,
    "end": 1618213085064,
    "duration": 2,
    "pid": 38228,
    "index": 33
  },
  {
    "name": "Require(28) node_modules/egg/app/extend/request.js",
    "start": 1618213085063,
    "end": 1618213085063,
    "duration": 0,
    "pid": 38228,
    "index": 34
  },
  {
    "name": "Load extend/response.js",
    "start": 1618213085064,
    "end": 1618213085068,
    "duration": 4,
    "pid": 38228,
    "index": 35
  },
  {
    "name": "Require(29) node_modules/egg/app/extend/response.js",
    "start": 1618213085065,
    "end": 1618213085067,
    "duration": 2,
    "pid": 38228,
    "index": 36
  },
  {
    "name": "Load extend/context.js",
    "start": 1618213085068,
    "end": 1618213085094,
    "duration": 26,
    "pid": 38228,
    "index": 37
  },
  {
    "name": "Require(30) node_modules/egg-security/app/extend/context.js",
    "start": 1618213085068,
    "end": 1618213085071,
    "duration": 3,
    "pid": 38228,
    "index": 38
  },
  {
    "name": "Require(31) node_modules/egg-jsonp/app/extend/context.js",
    "start": 1618213085072,
    "end": 1618213085072,
    "duration": 0,
    "pid": 38228,
    "index": 39
  },
  {
    "name": "Require(32) node_modules/egg-i18n/app/extend/context.js",
    "start": 1618213085072,
    "end": 1618213085072,
    "duration": 0,
    "pid": 38228,
    "index": 40
  },
  {
    "name": "Require(33) node_modules/egg-multipart/app/extend/context.js",
    "start": 1618213085072,
    "end": 1618213085093,
    "duration": 21,
    "pid": 38228,
    "index": 41
  },
  {
    "name": "Require(34) node_modules/egg-view/app/extend/context.js",
    "start": 1618213085093,
    "end": 1618213085093,
    "duration": 0,
    "pid": 38228,
    "index": 42
  },
  {
    "name": "Require(35) node_modules/egg/app/extend/context.js",
    "start": 1618213085094,
    "end": 1618213085094,
    "duration": 0,
    "pid": 38228,
    "index": 43
  },
  {
    "name": "Load extend/helper.js",
    "start": 1618213085094,
    "end": 1618213085106,
    "duration": 12,
    "pid": 38228,
    "index": 44
  },
  {
    "name": "Require(36) node_modules/egg-security/app/extend/helper.js",
    "start": 1618213085095,
    "end": 1618213085105,
    "duration": 10,
    "pid": 38228,
    "index": 45
  },
  {
    "name": "Require(37) node_modules/egg/app/extend/helper.js",
    "start": 1618213085105,
    "end": 1618213085106,
    "duration": 1,
    "pid": 38228,
    "index": 46
  },
  {
    "name": "Load app.js",
    "start": 1618213085106,
    "end": 1618213085130,
    "duration": 24,
    "pid": 38228,
    "index": 47
  },
  {
    "name": "Require(38) node_modules/egg-session/app.js",
    "start": 1618213085107,
    "end": 1618213085107,
    "duration": 0,
    "pid": 38228,
    "index": 48
  },
  {
    "name": "Require(39) node_modules/egg-security/app.js",
    "start": 1618213085107,
    "end": 1618213085108,
    "duration": 1,
    "pid": 38228,
    "index": 49
  },
  {
    "name": "Require(40) node_modules/egg-onerror/app.js",
    "start": 1618213085109,
    "end": 1618213085114,
    "duration": 5,
    "pid": 38228,
    "index": 50
  },
  {
    "name": "Require(41) node_modules/egg-i18n/app.js",
    "start": 1618213085115,
    "end": 1618213085124,
    "duration": 9,
    "pid": 38228,
    "index": 51
  },
  {
    "name": "Require(42) node_modules/egg-watcher/app.js",
    "start": 1618213085125,
    "end": 1618213085126,
    "duration": 1,
    "pid": 38228,
    "index": 52
  },
  {
    "name": "Require(43) node_modules/egg-schedule/app.js",
    "start": 1618213085126,
    "end": 1618213085127,
    "duration": 1,
    "pid": 38228,
    "index": 53
  },
  {
    "name": "Require(44) node_modules/egg-multipart/app.js",
    "start": 1618213085127,
    "end": 1618213085127,
    "duration": 0,
    "pid": 38228,
    "index": 54
  },
  {
    "name": "Require(45) node_modules/egg-development/app.js",
    "start": 1618213085128,
    "end": 1618213085128,
    "duration": 0,
    "pid": 38228,
    "index": 55
  },
  {
    "name": "Require(46) node_modules/egg-logrotator/app.js",
    "start": 1618213085128,
    "end": 1618213085128,
    "duration": 0,
    "pid": 38228,
    "index": 56
  },
  {
    "name": "Require(47) node_modules/egg-static/app.js",
    "start": 1618213085129,
    "end": 1618213085129,
    "duration": 0,
    "pid": 38228,
    "index": 57
  },
  {
    "name": "Require(48) node_modules/egg-cors/app.js",
    "start": 1618213085129,
    "end": 1618213085129,
    "duration": 0,
    "pid": 38228,
    "index": 58
  },
  {
    "name": "Require(49) node_modules/egg-sequelize-ts/app.js",
    "start": 1618213085129,
    "end": 1618213085130,
    "duration": 1,
    "pid": 38228,
    "index": 59
  },
  {
    "name": "Before Start in node_modules/egg-watcher/lib/init.js:15:14",
    "start": 1618213085135,
    "end": 1618213087600,
    "duration": 2465,
    "pid": 38228,
    "index": 60
  },
  {
    "name": "Load \"Symbol(model)\" to Application",
    "start": 1618213085320,
    "end": 1618213085332,
    "duration": 12,
    "pid": 38228,
    "index": 61
  },
  {
    "name": "Before Start in node_modules/egg-sequelize-ts/lib/loader.js:39:7",
    "start": 1618213085359,
    "end": 1618213087613,
    "duration": 2254,
    "pid": 38228,
    "index": 62
  },
  {
    "name": "Load Service",
    "start": 1618213085359,
    "end": 1618213087415,
    "duration": 2056,
    "pid": 38228,
    "index": 63
  },
  {
    "name": "Load \"service\" to Context",
    "start": 1618213085359,
    "end": 1618213087415,
    "duration": 2056,
    "pid": 38228,
    "index": 64
  },
  {
    "name": "Load Middleware",
    "start": 1618213087415,
    "end": 1618213087491,
    "duration": 76,
    "pid": 38228,
    "index": 65
  },
  {
    "name": "Load \"middlewares\" to Application",
    "start": 1618213087415,
    "end": 1618213087481,
    "duration": 66,
    "pid": 38228,
    "index": 66
  },
  {
    "name": "Load Controller",
    "start": 1618213087491,
    "end": 1618213087537,
    "duration": 46,
    "pid": 38228,
    "index": 67
  },
  {
    "name": "Load \"controller\" to Application",
    "start": 1618213087491,
    "end": 1618213087537,
    "duration": 46,
    "pid": 38228,
    "index": 68
  },
  {
    "name": "Load Router",
    "start": 1618213087537,
    "end": 1618213087575,
    "duration": 38,
    "pid": 38228,
    "index": 69
  },
  {
    "name": "Require(50) app/router.ts",
    "start": 1618213087537,
    "end": 1618213087541,
    "duration": 4,
    "pid": 38228,
    "index": 70
  },
  {
    "name": "Before Start in node_modules/egg-core/lib/egg.js:303:10",
    "start": 1618213087553,
    "end": 1618213087582,
    "duration": 29,
    "pid": 38228,
    "index": 71
  }
]