[
  {
    "name": "Process Start",
    "start": 1618213910345,
    "end": 1618213910760,
    "duration": 415,
    "pid": 38681,
    "index": 0
  },
  {
    "name": "Application Start",
    "start": 1618213910761,
    "end": 1618213913091,
    "duration": 2330,
    "pid": 38681,
    "index": 1
  },
  {
    "name": "Load Plugin",
    "start": 1618213910766,
    "end": 1618213910772,
    "duration": 6,
    "pid": 38681,
    "index": 2
  },
  {
    "name": "Load Config",
    "start": 1618213910772,
    "end": 1618213910784,
    "duration": 12,
    "pid": 38681,
    "index": 3
  },
  {
    "name": "Require(0) config/config.default.ts",
    "start": 1618213910772,
    "end": 1618213910773,
    "duration": 1,
    "pid": 38681,
    "index": 4
  },
  {
    "name": "Require(1) config/config.local.ts",
    "start": 1618213910774,
    "end": 1618213910775,
    "duration": 1,
    "pid": 38681,
    "index": 5
  },
  {
    "name": "Require(2) node_modules/egg-session/config/config.default.js",
    "start": 1618213910776,
    "end": 1618213910776,
    "duration": 0,
    "pid": 38681,
    "index": 6
  },
  {
    "name": "Require(3) node_modules/egg-security/config/config.default.js",
    "start": 1618213910777,
    "end": 1618213910777,
    "duration": 0,
    "pid": 38681,
    "index": 7
  },
  {
    "name": "Require(4) node_modules/egg-jsonp/config/config.default.js",
    "start": 1618213910778,
    "end": 1618213910778,
    "duration": 0,
    "pid": 38681,
    "index": 8
  },
  {
    "name": "Require(5) node_modules/egg-onerror/config/config.default.js",
    "start": 1618213910779,
    "end": 1618213910779,
    "duration": 0,
    "pid": 38681,
    "index": 9
  },
  {
    "name": "Require(6) node_modules/egg-i18n/config/config.default.js",
    "start": 1618213910779,
    "end": 1618213910779,
    "duration": 0,
    "pid": 38681,
    "index": 10
  },
  {
    "name": "Require(7) node_modules/egg-watcher/config/config.default.js",
    "start": 1618213910779,
    "end": 1618213910780,
    "duration": 1,
    "pid": 38681,
    "index": 11
  },
  {
    "name": "Require(8) node_modules/egg-schedule/config/config.default.js",
    "start": 1618213910780,
    "end": 1618213910780,
    "duration": 0,
    "pid": 38681,
    "index": 12
  },
  {
    "name": "Require(9) node_modules/egg-multipart/config/config.default.js",
    "start": 1618213910780,
    "end": 1618213910780,
    "duration": 0,
    "pid": 38681,
    "index": 13
  },
  {
    "name": "Require(10) node_modules/egg-development/config/config.default.js",
    "start": 1618213910780,
    "end": 1618213910781,
    "duration": 1,
    "pid": 38681,
    "index": 14
  },
  {
    "name": "Require(11) node_modules/egg-logrotator/config/config.default.js",
    "start": 1618213910781,
    "end": 1618213910781,
    "duration": 0,
    "pid": 38681,
    "index": 15
  },
  {
    "name": "Require(12) node_modules/egg-static/config/config.default.js",
    "start": 1618213910781,
    "end": 1618213910781,
    "duration": 0,
    "pid": 38681,
    "index": 16
  },
  {
    "name": "Require(13) node_modules/egg-view/config/config.default.js",
    "start": 1618213910781,
    "end": 1618213910781,
    "duration": 0,
    "pid": 38681,
    "index": 17
  },
  {
    "name": "Require(14) node_modules/egg-cors/config/config.default.js",
    "start": 1618213910781,
    "end": 1618213910781,
    "duration": 0,
    "pid": 38681,
    "index": 18
  },
  {
    "name": "Require(15) node_modules/egg-sequelize-ts/config/config.default.js",
    "start": 1618213910782,
    "end": 1618213910782,
    "duration": 0,
    "pid": 38681,
    "index": 19
  },
  {
    "name": "Require(16) node_modules/egg/config/config.default.js",
    "start": 1618213910782,
    "end": 1618213910782,
    "duration": 0,
    "pid": 38681,
    "index": 20
  },
  {
    "name": "Require(17) config/config.default.ts",
    "start": 1618213910783,
    "end": 1618213910783,
    "duration": 0,
    "pid": 38681,
    "index": 21
  },
  {
    "name": "Require(18) node_modules/egg-security/config/config.local.js",
    "start": 1618213910783,
    "end": 1618213910783,
    "duration": 0,
    "pid": 38681,
    "index": 22
  },
  {
    "name": "Require(19) node_modules/egg-watcher/config/config.local.js",
    "start": 1618213910783,
    "end": 1618213910783,
    "duration": 0,
    "pid": 38681,
    "index": 23
  },
  {
    "name": "Require(20) node_modules/egg-view/config/config.local.js",
    "start": 1618213910783,
    "end": 1618213910783,
    "duration": 0,
    "pid": 38681,
    "index": 24
  },
  {
    "name": "Require(21) node_modules/egg/config/config.local.js",
    "start": 1618213910784,
    "end": 1618213910784,
    "duration": 0,
    "pid": 38681,
    "index": 25
  },
  {
    "name": "Require(22) config/config.local.ts",
    "start": 1618213910784,
    "end": 1618213910784,
    "duration": 0,
    "pid": 38681,
    "index": 26
  },
  {
    "name": "Load extend/application.js",
    "start": 1618213910784,
    "end": 1618213910787,
    "duration": 3,
    "pid": 38681,
    "index": 27
  },
  {
    "name": "Require(23) node_modules/egg-session/app/extend/application.js",
    "start": 1618213910784,
    "end": 1618213910785,
    "duration": 1,
    "pid": 38681,
    "index": 28
  },
  {
    "name": "Require(24) node_modules/egg-security/app/extend/application.js",
    "start": 1618213910785,
    "end": 1618213910785,
    "duration": 0,
    "pid": 38681,
    "index": 29
  },
  {
    "name": "Require(25) node_modules/egg-jsonp/app/extend/application.js",
    "start": 1618213910785,
    "end": 1618213910786,
    "duration": 1,
    "pid": 38681,
    "index": 30
  },
  {
    "name": "Require(26) node_modules/egg-logrotator/app/extend/application.js",
    "start": 1618213910786,
    "end": 1618213910786,
    "duration": 0,
    "pid": 38681,
    "index": 31
  },
  {
    "name": "Require(27) node_modules/egg-view/app/extend/application.js",
    "start": 1618213910786,
    "end": 1618213910787,
    "duration": 1,
    "pid": 38681,
    "index": 32
  },
  {
    "name": "Load extend/request.js",
    "start": 1618213910787,
    "end": 1618213910789,
    "duration": 2,
    "pid": 38681,
    "index": 33
  },
  {
    "name": "Require(28) node_modules/egg/app/extend/request.js",
    "start": 1618213910788,
    "end": 1618213910788,
    "duration": 0,
    "pid": 38681,
    "index": 34
  },
  {
    "name": "Load extend/response.js",
    "start": 1618213910789,
    "end": 1618213910791,
    "duration": 2,
    "pid": 38681,
    "index": 35
  },
  {
    "name": "Require(29) node_modules/egg/app/extend/response.js",
    "start": 1618213910790,
    "end": 1618213910791,
    "duration": 1,
    "pid": 38681,
    "index": 36
  },
  {
    "name": "Load extend/context.js",
    "start": 1618213910791,
    "end": 1618213910817,
    "duration": 26,
    "pid": 38681,
    "index": 37
  },
  {
    "name": "Require(30) node_modules/egg-security/app/extend/context.js",
    "start": 1618213910791,
    "end": 1618213910793,
    "duration": 2,
    "pid": 38681,
    "index": 38
  },
  {
    "name": "Require(31) node_modules/egg-jsonp/app/extend/context.js",
    "start": 1618213910793,
    "end": 1618213910794,
    "duration": 1,
    "pid": 38681,
    "index": 39
  },
  {
    "name": "Require(32) node_modules/egg-i18n/app/extend/context.js",
    "start": 1618213910795,
    "end": 1618213910795,
    "duration": 0,
    "pid": 38681,
    "index": 40
  },
  {
    "name": "Require(33) node_modules/egg-multipart/app/extend/context.js",
    "start": 1618213910795,
    "end": 1618213910811,
    "duration": 16,
    "pid": 38681,
    "index": 41
  },
  {
    "name": "Require(34) node_modules/egg-view/app/extend/context.js",
    "start": 1618213910815,
    "end": 1618213910816,
    "duration": 1,
    "pid": 38681,
    "index": 42
  },
  {
    "name": "Require(35) node_modules/egg/app/extend/context.js",
    "start": 1618213910816,
    "end": 1618213910817,
    "duration": 1,
    "pid": 38681,
    "index": 43
  },
  {
    "name": "Load extend/helper.js",
    "start": 1618213910817,
    "end": 1618213910823,
    "duration": 6,
    "pid": 38681,
    "index": 44
  },
  {
    "name": "Require(36) node_modules/egg-security/app/extend/helper.js",
    "start": 1618213910818,
    "end": 1618213910822,
    "duration": 4,
    "pid": 38681,
    "index": 45
  },
  {
    "name": "Require(37) node_modules/egg/app/extend/helper.js",
    "start": 1618213910822,
    "end": 1618213910822,
    "duration": 0,
    "pid": 38681,
    "index": 46
  },
  {
    "name": "Load app.js",
    "start": 1618213910823,
    "end": 1618213910834,
    "duration": 11,
    "pid": 38681,
    "index": 47
  },
  {
    "name": "Require(38) node_modules/egg-session/app.js",
    "start": 1618213910823,
    "end": 1618213910823,
    "duration": 0,
    "pid": 38681,
    "index": 48
  },
  {
    "name": "Require(39) node_modules/egg-security/app.js",
    "start": 1618213910823,
    "end": 1618213910824,
    "duration": 1,
    "pid": 38681,
    "index": 49
  },
  {
    "name": "Require(40) node_modules/egg-onerror/app.js",
    "start": 1618213910824,
    "end": 1618213910826,
    "duration": 2,
    "pid": 38681,
    "index": 50
  },
  {
    "name": "Require(41) node_modules/egg-i18n/app.js",
    "start": 1618213910826,
    "end": 1618213910831,
    "duration": 5,
    "pid": 38681,
    "index": 51
  },
  {
    "name": "Require(42) node_modules/egg-watcher/app.js",
    "start": 1618213910831,
    "end": 1618213910832,
    "duration": 1,
    "pid": 38681,
    "index": 52
  },
  {
    "name": "Require(43) node_modules/egg-schedule/app.js",
    "start": 1618213910832,
    "end": 1618213910833,
    "duration": 1,
    "pid": 38681,
    "index": 53
  },
  {
    "name": "Require(44) node_modules/egg-multipart/app.js",
    "start": 1618213910833,
    "end": 1618213910833,
    "duration": 0,
    "pid": 38681,
    "index": 54
  },
  {
    "name": "Require(45) node_modules/egg-development/app.js",
    "start": 1618213910833,
    "end": 1618213910833,
    "duration": 0,
    "pid": 38681,
    "index": 55
  },
  {
    "name": "Require(46) node_modules/egg-logrotator/app.js",
    "start": 1618213910833,
    "end": 1618213910833,
    "duration": 0,
    "pid": 38681,
    "index": 56
  },
  {
    "name": "Require(47) node_modules/egg-static/app.js",
    "start": 1618213910833,
    "end": 1618213910833,
    "duration": 0,
    "pid": 38681,
    "index": 57
  },
  {
    "name": "Require(48) node_modules/egg-cors/app.js",
    "start": 1618213910834,
    "end": 1618213910834,
    "duration": 0,
    "pid": 38681,
    "index": 58
  },
  {
    "name": "Require(49) node_modules/egg-sequelize-ts/app.js",
    "start": 1618213910834,
    "end": 1618213910834,
    "duration": 0,
    "pid": 38681,
    "index": 59
  },
  {
    "name": "Before Start in node_modules/egg-watcher/lib/init.js:15:14",
    "start": 1618213910839,
    "end": 1618213913061,
    "duration": 2222,
    "pid": 38681,
    "index": 60
  },
  {
    "name": "Load \"Symbol(model)\" to Application",
    "start": 1618213911010,
    "end": 1618213912957,
    "duration": 1947,
    "pid": 38681,
    "index": 61
  },
  {
    "name": "Before Start in node_modules/egg-sequelize-ts/lib/loader.js:39:7",
    "start": 1618213912984,
    "end": 1618213913090,
    "duration": 106,
    "pid": 38681,
    "index": 62
  },
  {
    "name": "Load Service",
    "start": 1618213912984,
    "end": 1618213912988,
    "duration": 4,
    "pid": 38681,
    "index": 63
  },
  {
    "name": "Load \"service\" to Context",
    "start": 1618213912984,
    "end": 1618213912988,
    "duration": 4,
    "pid": 38681,
    "index": 64
  },
  {
    "name": "Load Middleware",
    "start": 1618213912988,
    "end": 1618213913026,
    "duration": 38,
    "pid": 38681,
    "index": 65
  },
  {
    "name": "Load \"middlewares\" to Application",
    "start": 1618213912988,
    "end": 1618213913016,
    "duration": 28,
    "pid": 38681,
    "index": 66
  },
  {
    "name": "Load Controller",
    "start": 1618213913026,
    "end": 1618213913029,
    "duration": 3,
    "pid": 38681,
    "index": 67
  },
  {
    "name": "Load \"controller\" to Application",
    "start": 1618213913026,
    "end": 1618213913029,
    "duration": 3,
    "pid": 38681,
    "index": 68
  },
  {
    "name": "Load Router",
    "start": 1618213913029,
    "end": 1618213913032,
    "duration": 3,
    "pid": 38681,
    "index": 69
  },
  {
    "name": "Require(50) app/router.ts",
    "start": 1618213913029,
    "end": 1618213913029,
    "duration": 0,
    "pid": 38681,
    "index": 70
  },
  {
    "name": "Before Start in node_modules/egg-core/lib/egg.js:303:10",
    "start": 1618213913029,
    "end": 1618213913039,
    "duration": 10,
    "pid": 38681,
    "index": 71
  }
]