[
  {
    "name": "Process Start",
    "start": 1618213873847,
    "end": 1618213874270,
    "duration": 423,
    "pid": 38657,
    "index": 0
  },
  {
    "name": "Application Start",
    "start": 1618213874271,
    "end": 1618213877075,
    "duration": 2804,
    "pid": 38657,
    "index": 1
  },
  {
    "name": "Load Plugin",
    "start": 1618213874275,
    "end": 1618213874280,
    "duration": 5,
    "pid": 38657,
    "index": 2
  },
  {
    "name": "Load Config",
    "start": 1618213874280,
    "end": 1618213874292,
    "duration": 12,
    "pid": 38657,
    "index": 3
  },
  {
    "name": "Require(0) config/config.default.ts",
    "start": 1618213874280,
    "end": 1618213874281,
    "duration": 1,
    "pid": 38657,
    "index": 4
  },
  {
    "name": "Require(1) config/config.local.ts",
    "start": 1618213874282,
    "end": 1618213874283,
    "duration": 1,
    "pid": 38657,
    "index": 5
  },
  {
    "name": "Require(2) node_modules/egg-session/config/config.default.js",
    "start": 1618213874284,
    "end": 1618213874285,
    "duration": 1,
    "pid": 38657,
    "index": 6
  },
  {
    "name": "Require(3) node_modules/egg-security/config/config.default.js",
    "start": 1618213874285,
    "end": 1618213874285,
    "duration": 0,
    "pid": 38657,
    "index": 7
  },
  {
    "name": "Require(4) node_modules/egg-jsonp/config/config.default.js",
    "start": 1618213874286,
    "end": 1618213874287,
    "duration": 1,
    "pid": 38657,
    "index": 8
  },
  {
    "name": "Require(5) node_modules/egg-onerror/config/config.default.js",
    "start": 1618213874287,
    "end": 1618213874287,
    "duration": 0,
    "pid": 38657,
    "index": 9
  },
  {
    "name": "Require(6) node_modules/egg-i18n/config/config.default.js",
    "start": 1618213874287,
    "end": 1618213874287,
    "duration": 0,
    "pid": 38657,
    "index": 10
  },
  {
    "name": "Require(7) node_modules/egg-watcher/config/config.default.js",
    "start": 1618213874288,
    "end": 1618213874288,
    "duration": 0,
    "pid": 38657,
    "index": 11
  },
  {
    "name": "Require(8) node_modules/egg-schedule/config/config.default.js",
    "start": 1618213874288,
    "end": 1618213874288,
    "duration": 0,
    "pid": 38657,
    "index": 12
  },
  {
    "name": "Require(9) node_modules/egg-multipart/config/config.default.js",
    "start": 1618213874289,
    "end": 1618213874289,
    "duration": 0,
    "pid": 38657,
    "index": 13
  },
  {
    "name": "Require(10) node_modules/egg-development/config/config.default.js",
    "start": 1618213874289,
    "end": 1618213874289,
    "duration": 0,
    "pid": 38657,
    "index": 14
  },
  {
    "name": "Require(11) node_modules/egg-logrotator/config/config.default.js",
    "start": 1618213874289,
    "end": 1618213874289,
    "duration": 0,
    "pid": 38657,
    "index": 15
  },
  {
    "name": "Require(12) node_modules/egg-static/config/config.default.js",
    "start": 1618213874289,
    "end": 1618213874289,
    "duration": 0,
    "pid": 38657,
    "index": 16
  },
  {
    "name": "Require(13) node_modules/egg-view/config/config.default.js",
    "start": 1618213874290,
    "end": 1618213874290,
    "duration": 0,
    "pid": 38657,
    "index": 17
  },
  {
    "name": "Require(14) node_modules/egg-cors/config/config.default.js",
    "start": 1618213874290,
    "end": 1618213874290,
    "duration": 0,
    "pid": 38657,
    "index": 18
  },
  {
    "name": "Require(15) node_modules/egg-sequelize-ts/config/config.default.js",
    "start": 1618213874290,
    "end": 1618213874290,
    "duration": 0,
    "pid": 38657,
    "index": 19
  },
  {
    "name": "Require(16) node_modules/egg/config/config.default.js",
    "start": 1618213874290,
    "end": 1618213874290,
    "duration": 0,
    "pid": 38657,
    "index": 20
  },
  {
    "name": "Require(17) config/config.default.ts",
    "start": 1618213874291,
    "end": 1618213874291,
    "duration": 0,
    "pid": 38657,
    "index": 21
  },
  {
    "name": "Require(18) node_modules/egg-security/config/config.local.js",
    "start": 1618213874291,
    "end": 1618213874291,
    "duration": 0,
    "pid": 38657,
    "index": 22
  },
  {
    "name": "Require(19) node_modules/egg-watcher/config/config.local.js",
    "start": 1618213874291,
    "end": 1618213874291,
    "duration": 0,
    "pid": 38657,
    "index": 23
  },
  {
    "name": "Require(20) node_modules/egg-view/config/config.local.js",
    "start": 1618213874292,
    "end": 1618213874292,
    "duration": 0,
    "pid": 38657,
    "index": 24
  },
  {
    "name": "Require(21) node_modules/egg/config/config.local.js",
    "start": 1618213874292,
    "end": 1618213874292,
    "duration": 0,
    "pid": 38657,
    "index": 25
  },
  {
    "name": "Require(22) config/config.local.ts",
    "start": 1618213874292,
    "end": 1618213874292,
    "duration": 0,
    "pid": 38657,
    "index": 26
  },
  {
    "name": "Load extend/application.js",
    "start": 1618213874293,
    "end": 1618213874296,
    "duration": 3,
    "pid": 38657,
    "index": 27
  },
  {
    "name": "Require(23) node_modules/egg-session/app/extend/application.js",
    "start": 1618213874293,
    "end": 1618213874293,
    "duration": 0,
    "pid": 38657,
    "index": 28
  },
  {
    "name": "Require(24) node_modules/egg-security/app/extend/application.js",
    "start": 1618213874293,
    "end": 1618213874294,
    "duration": 1,
    "pid": 38657,
    "index": 29
  },
  {
    "name": "Require(25) node_modules/egg-jsonp/app/extend/application.js",
    "start": 1618213874294,
    "end": 1618213874294,
    "duration": 0,
    "pid": 38657,
    "index": 30
  },
  {
    "name": "Require(26) node_modules/egg-logrotator/app/extend/application.js",
    "start": 1618213874294,
    "end": 1618213874295,
    "duration": 1,
    "pid": 38657,
    "index": 31
  },
  {
    "name": "Require(27) node_modules/egg-view/app/extend/application.js",
    "start": 1618213874295,
    "end": 1618213874295,
    "duration": 0,
    "pid": 38657,
    "index": 32
  },
  {
    "name": "Load extend/request.js",
    "start": 1618213874296,
    "end": 1618213874297,
    "duration": 1,
    "pid": 38657,
    "index": 33
  },
  {
    "name": "Require(28) node_modules/egg/app/extend/request.js",
    "start": 1618213874296,
    "end": 1618213874297,
    "duration": 1,
    "pid": 38657,
    "index": 34
  },
  {
    "name": "Load extend/response.js",
    "start": 1618213874297,
    "end": 1618213874300,
    "duration": 3,
    "pid": 38657,
    "index": 35
  },
  {
    "name": "Require(29) node_modules/egg/app/extend/response.js",
    "start": 1618213874299,
    "end": 1618213874299,
    "duration": 0,
    "pid": 38657,
    "index": 36
  },
  {
    "name": "Load extend/context.js",
    "start": 1618213874300,
    "end": 1618213874326,
    "duration": 26,
    "pid": 38657,
    "index": 37
  },
  {
    "name": "Require(30) node_modules/egg-security/app/extend/context.js",
    "start": 1618213874300,
    "end": 1618213874302,
    "duration": 2,
    "pid": 38657,
    "index": 38
  },
  {
    "name": "Require(31) node_modules/egg-jsonp/app/extend/context.js",
    "start": 1618213874302,
    "end": 1618213874302,
    "duration": 0,
    "pid": 38657,
    "index": 39
  },
  {
    "name": "Require(32) node_modules/egg-i18n/app/extend/context.js",
    "start": 1618213874303,
    "end": 1618213874304,
    "duration": 1,
    "pid": 38657,
    "index": 40
  },
  {
    "name": "Require(33) node_modules/egg-multipart/app/extend/context.js",
    "start": 1618213874304,
    "end": 1618213874324,
    "duration": 20,
    "pid": 38657,
    "index": 41
  },
  {
    "name": "Require(34) node_modules/egg-view/app/extend/context.js",
    "start": 1618213874325,
    "end": 1618213874325,
    "duration": 0,
    "pid": 38657,
    "index": 42
  },
  {
    "name": "Require(35) node_modules/egg/app/extend/context.js",
    "start": 1618213874325,
    "end": 1618213874326,
    "duration": 1,
    "pid": 38657,
    "index": 43
  },
  {
    "name": "Load extend/helper.js",
    "start": 1618213874326,
    "end": 1618213874332,
    "duration": 6,
    "pid": 38657,
    "index": 44
  },
  {
    "name": "Require(36) node_modules/egg-security/app/extend/helper.js",
    "start": 1618213874326,
    "end": 1618213874331,
    "duration": 5,
    "pid": 38657,
    "index": 45
  },
  {
    "name": "Require(37) node_modules/egg/app/extend/helper.js",
    "start": 1618213874331,
    "end": 1618213874331,
    "duration": 0,
    "pid": 38657,
    "index": 46
  },
  {
    "name": "Load app.js",
    "start": 1618213874332,
    "end": 1618213874343,
    "duration": 11,
    "pid": 38657,
    "index": 47
  },
  {
    "name": "Require(38) node_modules/egg-session/app.js",
    "start": 1618213874332,
    "end": 1618213874332,
    "duration": 0,
    "pid": 38657,
    "index": 48
  },
  {
    "name": "Require(39) node_modules/egg-security/app.js",
    "start": 1618213874332,
    "end": 1618213874333,
    "duration": 1,
    "pid": 38657,
    "index": 49
  },
  {
    "name": "Require(40) node_modules/egg-onerror/app.js",
    "start": 1618213874333,
    "end": 1618213874335,
    "duration": 2,
    "pid": 38657,
    "index": 50
  },
  {
    "name": "Require(41) node_modules/egg-i18n/app.js",
    "start": 1618213874335,
    "end": 1618213874340,
    "duration": 5,
    "pid": 38657,
    "index": 51
  },
  {
    "name": "Require(42) node_modules/egg-watcher/app.js",
    "start": 1618213874340,
    "end": 1618213874341,
    "duration": 1,
    "pid": 38657,
    "index": 52
  },
  {
    "name": "Require(43) node_modules/egg-schedule/app.js",
    "start": 1618213874341,
    "end": 1618213874342,
    "duration": 1,
    "pid": 38657,
    "index": 53
  },
  {
    "name": "Require(44) node_modules/egg-multipart/app.js",
    "start": 1618213874342,
    "end": 1618213874342,
    "duration": 0,
    "pid": 38657,
    "index": 54
  },
  {
    "name": "Require(45) node_modules/egg-development/app.js",
    "start": 1618213874342,
    "end": 1618213874342,
    "duration": 0,
    "pid": 38657,
    "index": 55
  },
  {
    "name": "Require(46) node_modules/egg-logrotator/app.js",
    "start": 1618213874342,
    "end": 1618213874342,
    "duration": 0,
    "pid": 38657,
    "index": 56
  },
  {
    "name": "Require(47) node_modules/egg-static/app.js",
    "start": 1618213874342,
    "end": 1618213874342,
    "duration": 0,
    "pid": 38657,
    "index": 57
  },
  {
    "name": "Require(48) node_modules/egg-cors/app.js",
    "start": 1618213874342,
    "end": 1618213874343,
    "duration": 1,
    "pid": 38657,
    "index": 58
  },
  {
    "name": "Require(49) node_modules/egg-sequelize-ts/app.js",
    "start": 1618213874343,
    "end": 1618213874343,
    "duration": 0,
    "pid": 38657,
    "index": 59
  },
  {
    "name": "Before Start in node_modules/egg-watcher/lib/init.js:15:14",
    "start": 1618213874348,
    "end": 1618213877049,
    "duration": 2701,
    "pid": 38657,
    "index": 60
  },
  {
    "name": "Load \"Symbol(model)\" to Application",
    "start": 1618213874592,
    "end": 1618213876940,
    "duration": 2348,
    "pid": 38657,
    "index": 61
  },
  {
    "name": "Before Start in node_modules/egg-sequelize-ts/lib/loader.js:39:7",
    "start": 1618213876974,
    "end": 1618213877074,
    "duration": 100,
    "pid": 38657,
    "index": 62
  },
  {
    "name": "Load Service",
    "start": 1618213876974,
    "end": 1618213876980,
    "duration": 6,
    "pid": 38657,
    "index": 63
  },
  {
    "name": "Load \"service\" to Context",
    "start": 1618213876974,
    "end": 1618213876980,
    "duration": 6,
    "pid": 38657,
    "index": 64
  },
  {
    "name": "Load Middleware",
    "start": 1618213876980,
    "end": 1618213877022,
    "duration": 42,
    "pid": 38657,
    "index": 65
  },
  {
    "name": "Load \"middlewares\" to Application",
    "start": 1618213876980,
    "end": 1618213877011,
    "duration": 31,
    "pid": 38657,
    "index": 66
  },
  {
    "name": "Load Controller",
    "start": 1618213877022,
    "end": 1618213877025,
    "duration": 3,
    "pid": 38657,
    "index": 67
  },
  {
    "name": "Load \"controller\" to Application",
    "start": 1618213877022,
    "end": 1618213877025,
    "duration": 3,
    "pid": 38657,
    "index": 68
  },
  {
    "name": "Load Router",
    "start": 1618213877025,
    "end": 1618213877028,
    "duration": 3,
    "pid": 38657,
    "index": 69
  },
  {
    "name": "Require(50) app/router.ts",
    "start": 1618213877025,
    "end": 1618213877025,
    "duration": 0,
    "pid": 38657,
    "index": 70
  },
  {
    "name": "Before Start in node_modules/egg-core/lib/egg.js:303:10",
    "start": 1618213877025,
    "end": 1618213877038,
    "duration": 13,
    "pid": 38657,
    "index": 71
  }
]