[
  {
    "name": "Process Start",
    "start": 1618213870225,
    "end": 1618213871133,
    "duration": 908,
    "pid": 38650,
    "index": 0
  },
  {
    "name": "Application Start",
    "start": 1618213871133,
    "end": 1618213873825,
    "duration": 2692,
    "pid": 38650,
    "index": 1
  },
  {
    "name": "Load Plugin",
    "start": 1618213871137,
    "end": 1618213871146,
    "duration": 9,
    "pid": 38650,
    "index": 2
  },
  {
    "name": "Load Config",
    "start": 1618213871146,
    "end": 1618213871165,
    "duration": 19,
    "pid": 38650,
    "index": 3
  },
  {
    "name": "Require(0) config/config.default.ts",
    "start": 1618213871146,
    "end": 1618213871148,
    "duration": 2,
    "pid": 38650,
    "index": 4
  },
  {
    "name": "Require(1) config/config.local.ts",
    "start": 1618213871148,
    "end": 1618213871150,
    "duration": 2,
    "pid": 38650,
    "index": 5
  },
  {
    "name": "Require(2) node_modules/egg-session/config/config.default.js",
    "start": 1618213871151,
    "end": 1618213871152,
    "duration": 1,
    "pid": 38650,
    "index": 6
  },
  {
    "name": "Require(3) node_modules/egg-security/config/config.default.js",
    "start": 1618213871152,
    "end": 1618213871152,
    "duration": 0,
    "pid": 38650,
    "index": 7
  },
  {
    "name": "Require(4) node_modules/egg-jsonp/config/config.default.js",
    "start": 1618213871153,
    "end": 1618213871154,
    "duration": 1,
    "pid": 38650,
    "index": 8
  },
  {
    "name": "Require(5) node_modules/egg-onerror/config/config.default.js",
    "start": 1618213871154,
    "end": 1618213871154,
    "duration": 0,
    "pid": 38650,
    "index": 9
  },
  {
    "name": "Require(6) node_modules/egg-i18n/config/config.default.js",
    "start": 1618213871155,
    "end": 1618213871155,
    "duration": 0,
    "pid": 38650,
    "index": 10
  },
  {
    "name": "Require(7) node_modules/egg-watcher/config/config.default.js",
    "start": 1618213871156,
    "end": 1618213871156,
    "duration": 0,
    "pid": 38650,
    "index": 11
  },
  {
    "name": "Require(8) node_modules/egg-schedule/config/config.default.js",
    "start": 1618213871156,
    "end": 1618213871157,
    "duration": 1,
    "pid": 38650,
    "index": 12
  },
  {
    "name": "Require(9) node_modules/egg-multipart/config/config.default.js",
    "start": 1618213871157,
    "end": 1618213871157,
    "duration": 0,
    "pid": 38650,
    "index": 13
  },
  {
    "name": "Require(10) node_modules/egg-development/config/config.default.js",
    "start": 1618213871158,
    "end": 1618213871158,
    "duration": 0,
    "pid": 38650,
    "index": 14
  },
  {
    "name": "Require(11) node_modules/egg-logrotator/config/config.default.js",
    "start": 1618213871158,
    "end": 1618213871158,
    "duration": 0,
    "pid": 38650,
    "index": 15
  },
  {
    "name": "Require(12) node_modules/egg-static/config/config.default.js",
    "start": 1618213871159,
    "end": 1618213871159,
    "duration": 0,
    "pid": 38650,
    "index": 16
  },
  {
    "name": "Require(13) node_modules/egg-view/config/config.default.js",
    "start": 1618213871159,
    "end": 1618213871160,
    "duration": 1,
    "pid": 38650,
    "index": 17
  },
  {
    "name": "Require(14) node_modules/egg-cors/config/config.default.js",
    "start": 1618213871160,
    "end": 1618213871160,
    "duration": 0,
    "pid": 38650,
    "index": 18
  },
  {
    "name": "Require(15) node_modules/egg-sequelize-ts/config/config.default.js",
    "start": 1618213871161,
    "end": 1618213871161,
    "duration": 0,
    "pid": 38650,
    "index": 19
  },
  {
    "name": "Require(16) node_modules/egg/config/config.default.js",
    "start": 1618213871161,
    "end": 1618213871161,
    "duration": 0,
    "pid": 38650,
    "index": 20
  },
  {
    "name": "Require(17) config/config.default.ts",
    "start": 1618213871162,
    "end": 1618213871162,
    "duration": 0,
    "pid": 38650,
    "index": 21
  },
  {
    "name": "Require(18) node_modules/egg-security/config/config.local.js",
    "start": 1618213871162,
    "end": 1618213871163,
    "duration": 1,
    "pid": 38650,
    "index": 22
  },
  {
    "name": "Require(19) node_modules/egg-watcher/config/config.local.js",
    "start": 1618213871163,
    "end": 1618213871163,
    "duration": 0,
    "pid": 38650,
    "index": 23
  },
  {
    "name": "Require(20) node_modules/egg-view/config/config.local.js",
    "start": 1618213871164,
    "end": 1618213871164,
    "duration": 0,
    "pid": 38650,
    "index": 24
  },
  {
    "name": "Require(21) node_modules/egg/config/config.local.js",
    "start": 1618213871164,
    "end": 1618213871165,
    "duration": 1,
    "pid": 38650,
    "index": 25
  },
  {
    "name": "Require(22) config/config.local.ts",
    "start": 1618213871165,
    "end": 1618213871165,
    "duration": 0,
    "pid": 38650,
    "index": 26
  },
  {
    "name": "Load extend/application.js",
    "start": 1618213871165,
    "end": 1618213871171,
    "duration": 6,
    "pid": 38650,
    "index": 27
  },
  {
    "name": "Require(23) node_modules/egg-session/app/extend/application.js",
    "start": 1618213871166,
    "end": 1618213871166,
    "duration": 0,
    "pid": 38650,
    "index": 28
  },
  {
    "name": "Require(24) node_modules/egg-security/app/extend/application.js",
    "start": 1618213871166,
    "end": 1618213871167,
    "duration": 1,
    "pid": 38650,
    "index": 29
  },
  {
    "name": "Require(25) node_modules/egg-jsonp/app/extend/application.js",
    "start": 1618213871167,
    "end": 1618213871168,
    "duration": 1,
    "pid": 38650,
    "index": 30
  },
  {
    "name": "Require(26) node_modules/egg-logrotator/app/extend/application.js",
    "start": 1618213871168,
    "end": 1618213871170,
    "duration": 2,
    "pid": 38650,
    "index": 31
  },
  {
    "name": "Require(27) node_modules/egg-view/app/extend/application.js",
    "start": 1618213871170,
    "end": 1618213871171,
    "duration": 1,
    "pid": 38650,
    "index": 32
  },
  {
    "name": "Load extend/request.js",
    "start": 1618213871171,
    "end": 1618213871173,
    "duration": 2,
    "pid": 38650,
    "index": 33
  },
  {
    "name": "Require(28) node_modules/egg/app/extend/request.js",
    "start": 1618213871172,
    "end": 1618213871173,
    "duration": 1,
    "pid": 38650,
    "index": 34
  },
  {
    "name": "Load extend/response.js",
    "start": 1618213871173,
    "end": 1618213871177,
    "duration": 4,
    "pid": 38650,
    "index": 35
  },
  {
    "name": "Require(29) node_modules/egg/app/extend/response.js",
    "start": 1618213871175,
    "end": 1618213871176,
    "duration": 1,
    "pid": 38650,
    "index": 36
  },
  {
    "name": "Load extend/context.js",
    "start": 1618213871177,
    "end": 1618213871216,
    "duration": 39,
    "pid": 38650,
    "index": 37
  },
  {
    "name": "Require(30) node_modules/egg-security/app/extend/context.js",
    "start": 1618213871177,
    "end": 1618213871183,
    "duration": 6,
    "pid": 38650,
    "index": 38
  },
  {
    "name": "Require(31) node_modules/egg-jsonp/app/extend/context.js",
    "start": 1618213871183,
    "end": 1618213871184,
    "duration": 1,
    "pid": 38650,
    "index": 39
  },
  {
    "name": "Require(32) node_modules/egg-i18n/app/extend/context.js",
    "start": 1618213871184,
    "end": 1618213871184,
    "duration": 0,
    "pid": 38650,
    "index": 40
  },
  {
    "name": "Require(33) node_modules/egg-multipart/app/extend/context.js",
    "start": 1618213871184,
    "end": 1618213871213,
    "duration": 29,
    "pid": 38650,
    "index": 41
  },
  {
    "name": "Require(34) node_modules/egg-view/app/extend/context.js",
    "start": 1618213871213,
    "end": 1618213871214,
    "duration": 1,
    "pid": 38650,
    "index": 42
  },
  {
    "name": "Require(35) node_modules/egg/app/extend/context.js",
    "start": 1618213871214,
    "end": 1618213871215,
    "duration": 1,
    "pid": 38650,
    "index": 43
  },
  {
    "name": "Load extend/helper.js",
    "start": 1618213871216,
    "end": 1618213871227,
    "duration": 11,
    "pid": 38650,
    "index": 44
  },
  {
    "name": "Require(36) node_modules/egg-security/app/extend/helper.js",
    "start": 1618213871216,
    "end": 1618213871226,
    "duration": 10,
    "pid": 38650,
    "index": 45
  },
  {
    "name": "Require(37) node_modules/egg/app/extend/helper.js",
    "start": 1618213871226,
    "end": 1618213871227,
    "duration": 1,
    "pid": 38650,
    "index": 46
  },
  {
    "name": "Load app.js",
    "start": 1618213871227,
    "end": 1618213871248,
    "duration": 21,
    "pid": 38650,
    "index": 47
  },
  {
    "name": "Require(38) node_modules/egg-session/app.js",
    "start": 1618213871227,
    "end": 1618213871228,
    "duration": 1,
    "pid": 38650,
    "index": 48
  },
  {
    "name": "Require(39) node_modules/egg-security/app.js",
    "start": 1618213871228,
    "end": 1618213871229,
    "duration": 1,
    "pid": 38650,
    "index": 49
  },
  {
    "name": "Require(40) node_modules/egg-onerror/app.js",
    "start": 1618213871229,
    "end": 1618213871233,
    "duration": 4,
    "pid": 38650,
    "index": 50
  },
  {
    "name": "Require(41) node_modules/egg-i18n/app.js",
    "start": 1618213871233,
    "end": 1618213871242,
    "duration": 9,
    "pid": 38650,
    "index": 51
  },
  {
    "name": "Require(42) node_modules/egg-watcher/app.js",
    "start": 1618213871243,
    "end": 1618213871244,
    "duration": 1,
    "pid": 38650,
    "index": 52
  },
  {
    "name": "Require(43) node_modules/egg-schedule/app.js",
    "start": 1618213871245,
    "end": 1618213871246,
    "duration": 1,
    "pid": 38650,
    "index": 53
  },
  {
    "name": "Require(44) node_modules/egg-multipart/app.js",
    "start": 1618213871246,
    "end": 1618213871246,
    "duration": 0,
    "pid": 38650,
    "index": 54
  },
  {
    "name": "Require(45) node_modules/egg-development/app.js",
    "start": 1618213871246,
    "end": 1618213871246,
    "duration": 0,
    "pid": 38650,
    "index": 55
  },
  {
    "name": "Require(46) node_modules/egg-logrotator/app.js",
    "start": 1618213871246,
    "end": 1618213871247,
    "duration": 1,
    "pid": 38650,
    "index": 56
  },
  {
    "name": "Require(47) node_modules/egg-static/app.js",
    "start": 1618213871247,
    "end": 1618213871247,
    "duration": 0,
    "pid": 38650,
    "index": 57
  },
  {
    "name": "Require(48) node_modules/egg-cors/app.js",
    "start": 1618213871247,
    "end": 1618213871247,
    "duration": 0,
    "pid": 38650,
    "index": 58
  },
  {
    "name": "Require(49) node_modules/egg-sequelize-ts/app.js",
    "start": 1618213871247,
    "end": 1618213871248,
    "duration": 1,
    "pid": 38650,
    "index": 59
  },
  {
    "name": "Before Start in node_modules/egg-watcher/lib/init.js:15:14",
    "start": 1618213871253,
    "end": 1618213873784,
    "duration": 2531,
    "pid": 38650,
    "index": 60
  },
  {
    "name": "Load \"Symbol(model)\" to Application",
    "start": 1618213871521,
    "end": 1618213873665,
    "duration": 2144,
    "pid": 38650,
    "index": 61
  },
  {
    "name": "Before Start in node_modules/egg-sequelize-ts/lib/loader.js:39:7",
    "start": 1618213873692,
    "end": 1618213873825,
    "duration": 133,
    "pid": 38650,
    "index": 62
  },
  {
    "name": "Load Service",
    "start": 1618213873692,
    "end": 1618213873699,
    "duration": 7,
    "pid": 38650,
    "index": 63
  },
  {
    "name": "Load \"service\" to Context",
    "start": 1618213873692,
    "end": 1618213873699,
    "duration": 7,
    "pid": 38650,
    "index": 64
  },
  {
    "name": "Load Middleware",
    "start": 1618213873699,
    "end": 1618213873754,
    "duration": 55,
    "pid": 38650,
    "index": 65
  },
  {
    "name": "Load \"middlewares\" to Application",
    "start": 1618213873699,
    "end": 1618213873744,
    "duration": 45,
    "pid": 38650,
    "index": 66
  },
  {
    "name": "Load Controller",
    "start": 1618213873754,
    "end": 1618213873758,
    "duration": 4,
    "pid": 38650,
    "index": 67
  },
  {
    "name": "Load \"controller\" to Application",
    "start": 1618213873754,
    "end": 1618213873758,
    "duration": 4,
    "pid": 38650,
    "index": 68
  },
  {
    "name": "Load Router",
    "start": 1618213873758,
    "end": 1618213873761,
    "duration": 3,
    "pid": 38650,
    "index": 69
  },
  {
    "name": "Require(50) app/router.ts",
    "start": 1618213873758,
    "end": 1618213873758,
    "duration": 0,
    "pid": 38650,
    "index": 70
  },
  {
    "name": "Before Start in node_modules/egg-core/lib/egg.js:303:10",
    "start": 1618213873759,
    "end": 1618213873769,
    "duration": 10,
    "pid": 38650,
    "index": 71
  }
]