{
  "config": {
    "session": {
      "maxAge": 86400000,
      "key": "EGG_SESS",
      "httpOnly": true,
      "encrypt": true,
      "logValue": true,
      "overwrite": true,
      "signed": true,
      "autoCommit": true,
      "encode": "<Function encode>",
      "decode": "<Function decode>",
      "genid": "<Function v4>"
    },
    "security": {
      "domainWhiteList": [
        "*"
      ],
      "protocolWhiteList": [],
      "defaultMiddleware": "csrf,hsts,methodnoallow,noopen,nosniff,csp,xssProtection,xframe,dta",
      "csrf": {
        "enable": false,
        "type": "ctoken",
        "ignoreJSON": false,
        "useSession": false,
        "cookieName": "csrfToken",
        "sessionName": "csrfToken",
        "headerName": "x-csrf-token",
        "bodyName": "_csrf",
        "queryName": "_csrf",
        "refererWhiteList": []
      },
      "xframe": {
        "enable": true,
        "value": "SAMEORIGIN",
        "matching": "<Function anonymous>"
      },
      "hsts": {
        "enable": false,
        "maxAge": 31536000,
        "includeSubdomains": false
      },
      "dta": {
        "enable": true,
        "matching": "<Function anonymous>"
      },
      "methodnoallow": {
        "enable": true,
        "matching": "<Function anonymous>"
      },
      "noopen": {
        "enable": true,
        "matching": "<Function anonymous>"
      },
      "nosniff": {
        "enable": true,
        "matching": "<Function anonymous>"
      },
      "referrerPolicy": {
        "enable": false,
        "value": "no-referrer-when-downgrade"
      },
      "xssProtection": {
        "enable": true,
        "value": "1; mode=block",
        "matching": "<Function anonymous>"
      },
      "csp": {
        "enable": false,
        "policy": {}
      },
      "ssrf": {
        "ipBlackList": null,
        "checkAddress": null
      },
      "_protocolWhiteListSet": "<Set>"
    },
    "helper": {
      "shtml": {}
    },
    "jsonp": {
      "limit": 50,
      "callback": [
        "_callback",
        "callback"
      ],
      "csrf": false
    },
    "onerror": {
      "errorPageUrl": "",
      "appErrorFilter": null,
      "templatePath": "/Volumes/开发/StarBeamService/node_modules/egg-onerror/lib/onerror_page.mustache"
    },
    "i18n": {
      "defaultLocale": "en_US",
      "dirs": [
        "/Volumes/开发/StarBeamService/node_modules/egg-session/config/locales",
        "/Volumes/开发/StarBeamService/node_modules/egg-security/config/locales",
        "/Volumes/开发/StarBeamService/node_modules/egg-jsonp/config/locales",
        "/Volumes/开发/StarBeamService/node_modules/egg-onerror/config/locales",
        "/Volumes/开发/StarBeamService/node_modules/egg-i18n/config/locales",
        "/Volumes/开发/StarBeamService/node_modules/egg-watcher/config/locales",
        "/Volumes/开发/StarBeamService/node_modules/egg-schedule/config/locales",
        "/Volumes/开发/StarBeamService/node_modules/egg-multipart/config/locales",
        "/Volumes/开发/StarBeamService/node_modules/egg-development/config/locales",
        "/Volumes/开发/StarBeamService/node_modules/egg-logrotator/config/locales",
        "/Volumes/开发/StarBeamService/node_modules/egg-static/config/locales",
        "/Volumes/开发/StarBeamService/node_modules/egg-view/config/locales",
        "/Volumes/开发/StarBeamService/node_modules/egg-cors/config/locales",
        "/Volumes/开发/StarBeamService/node_modules/egg-sequelize-ts/config/locales",
        "/Volumes/开发/StarBeamService/node_modules/egg/config/locales",
        "/Volumes/开发/StarBeamService/config/locales"
      ],
      "queryField": "locale",
      "cookieField": "locale",
      "cookieDomain": "",
      "cookieMaxAge": "1y",
      "functionName": "__"
    },
    "watcher": {
      "type": "development",
      "eventSources": {
        "default": "/Volumes/开发/StarBeamService/node_modules/egg-watcher/lib/event-sources/default",
        "development": "/Volumes/开发/StarBeamService/node_modules/egg-watcher/lib/event-sources/development"
      }
    },
    "customLogger": {
      "scheduleLogger": {
        "consoleLevel": "NONE",
        "file": "egg-schedule.log"
      }
    },
    "schedule": {
      "directory": []
    },
    "multipart": {
      "mode": "stream",
      "autoFields": false,
      "defaultCharset": "utf8",
      "fieldNameSize": 100,
      "fieldSize": 102400,
      "fields": 10,
      "fileSize": 10485760,
      "files": 10,
      "fileExtensions": [],
      "whitelist": null,
      "tmpdir": "/var/folders/y3/y8mg74cn3yncb3d3b826djbc0000gn/T/egg-multipart-tmp/api.starbeam.io",
      "cleanSchedule": {
        "cron": "0 30 4 * * *"
      }
    },
    "development": {
      "watchDirs": [],
      "ignoreDirs": [],
      "fastReady": false,
      "reloadOnDebug": true,
      "overrideDefault": false,
      "overrideIgnore": false
    },
    "logrotator": {
      "filesRotateByHour": null,
      "hourDelimiter": "-",
      "filesRotateBySize": null,
      "maxFileSize": 52428800,
      "maxFiles": 10,
      "rotateDuration": 60000,
      "maxDays": 31
    },
    "static": {
      "prefix": "/public/",
      "dir": "/Volumes/开发/StarBeamService/app/public",
      "dynamic": true,
      "preload": false,
      "buffer": false,
      "maxFiles": 1000
    },
    "view": {
      "root": "/Volumes/开发/StarBeamService/app/view",
      "cache": false,
      "defaultExtension": ".html",
      "defaultViewEngine": "",
      "mapping": {}
    },
    "cors": {
      "origin": "http://127.0.0.1:3000",
      "allowMethods": "GET,POST,DELETE,PUT,OPTIONS",
      "credentials": true
    },
    "sequelize": {
      "dialect": "mysql",
      "database": "starbeam",
      "host": "127.0.0.1",
      "port": 3306,
      "username": "root",
      "password": "<String len: 8>",
      "timezone": "+08:00",
      "pool": {
        "max": 5,
        "min": 0,
        "acquire": 30000,
        "idle": 10000
      },
      "define": {
        "timestamps": false
      }
    },
    "env": "local",
    "name": "api.starbeam.io",
    "keys": "<String len: 18>",
    "cookies": {},
    "proxy": false,
    "maxIpsCount": 0,
    "maxProxyCount": 0,
    "protocolHeaders": "x-forwarded-proto",
    "ipHeaders": "x-forwarded-for",
    "hostHeaders": "",
    "pkg": {
      "name": "api.starbeam.io",
      "version": "1.0.0",
      "description": "starbeam api",
      "private": true,
      "egg": {
        "typescript": true,
        "declarations": true
      },
      "scripts": {
        "start": "egg-scripts start --daemon --title=egg-server-api.starbeam.io --env=prod",
        "stop": "egg-scripts stop --title=egg-server-api.starbeam.io",
        "dev": "egg-bin dev",
        "debug": "egg-bin debug",
        "test-local": "egg-bin test",
        "test": "npm run lint -- --fix && npm run test-local",
        "cov": "egg-bin cov",
        "tsc": "ets && tsc -p tsconfig.json",
        "ci": "npm run lint && npm run cov && npm run tsc",
        "autod": "autod",
        "lint": "eslint . --ext .ts",
        "clean": "ets clean"
      },
      "dependencies": {
        "egg": "^2.6.1",
        "egg-cors": "^2.2.3",
        "egg-scripts": "^2.13.0",
        "egg-sequelize-ts": "^0.2.3-0",
        "mysql2": "^2.2.5"
      },
      "devDependencies": {
        "@types/mocha": "^2.2.40",
        "@types/node": "^7.0.12",
        "@types/supertest": "^2.0.0",
        "autod": "^3.0.1",
        "autod-egg": "^1.1.0",
        "egg-ci": "^1.8.0",
        "egg-bin": "^4.11.0",
        "egg-mock": "^3.16.0",
        "tslib": "^1.9.0",
        "eslint": "^6.7.2",
        "eslint-config-egg": "^8.0.0",
        "typescript": "^3.0.0"
      },
      "engines": {
        "node": ">=8.9.0"
      },
      "ci": {
        "version": "8"
      },
      "repository": {
        "type": "git",
        "url": ""
      },
      "eslintIgnore": [
        "coverage"
      ],
      "author": "myx0930@163.com",
      "license": "MIT"
    },
    "baseDir": "/Volumes/开发/StarBeamService",
    "HOME": "/Users/myx",
    "rundir": "/Volumes/开发/StarBeamService/run",
    "dump": {
      "ignore": "<Set>"
    },
    "confusedConfigurations": {
      "bodyparser": "bodyParser",
      "notFound": "notfound",
      "sitefile": "siteFile",
      "middlewares": "middleware",
      "httpClient": "httpclient"
    },
    "notfound": {
      "pageUrl": ""
    },
    "siteFile": {
      "/favicon.ico": "<Buffer len: 6463>"
    },
    "bodyParser": {
      "enable": true,
      "encoding": "utf8",
      "formLimit": "1mb",
      "jsonLimit": "1mb",
      "textLimit": "1mb",
      "strict": true,
      "queryString": {
        "arrayLimit": 100,
        "depth": 5,
        "parameterLimit": 1000
      },
      "returnRawBody": true
    },
    "logger": {
      "dir": "/Volumes/开发/StarBeamService/logs/api.starbeam.io",
      "encoding": "utf8",
      "env": "local",
      "level": "INFO",
      "consoleLevel": "INFO",
      "disableConsoleAfterReady": false,
      "outputJSON": false,
      "buffer": true,
      "appLogName": "api.starbeam.io-web.log",
      "coreLogName": "egg-web.log",
      "agentLogName": "egg-agent.log",
      "errorLogName": "common-error.log",
      "coreLogger": {
        "consoleLevel": "WARN"
      },
      "allowDebugAtProd": false,
      "type": "application"
    },
    "httpclient": {
      "enableDNSCache": false,
      "dnsCacheLookupInterval": 10000,
      "dnsCacheMaxLength": 1000,
      "request": {
        "timeout": 5000
      },
      "httpAgent": {
        "keepAlive": true,
        "freeSocketTimeout": 4000,
        "maxSockets": 9007199254740991,
        "maxFreeSockets": 256
      },
      "httpsAgent": {
        "keepAlive": true,
        "freeSocketTimeout": 4000,
        "maxSockets": 9007199254740991,
        "maxFreeSockets": 256
      }
    },
    "meta": {
      "enable": true,
      "logging": false
    },
    "coreMiddleware": [
      "cors",
      "meta",
      "siteFile",
      "notfound",
      "static",
      "bodyParser",
      "overrideMethod",
      "session",
      "securities",
      "i18n",
      "eggLoaderTrace"
    ],
    "workerStartTimeout": 600000,
    "serverTimeout": null,
    "cluster": {
      "listen": {
        "path": "",
        "port": 7001,
        "hostname": ""
      }
    },
    "clusterClient": {
      "maxWaitTime": 60000,
      "responseTimeout": 60000
    },
    "onClientError": null,
    "middleware": [],
    "sourceUrl": "https://github.com/eggjs/examples/tree/master/api.starbeam.io",
    "coreMiddlewares": "~config~coreMiddleware",
    "appMiddlewares": "~config~middleware",
    "appMiddleware": "~config~middleware",
    "multipartParseOptions": {
      "autoFields": false,
      "defCharset": "utf8",
      "limits": {
        "fieldNameSize": 100,
        "fieldSize": 102400,
        "fields": 10,
        "fileSize": 10485760,
        "files": 10
      },
      "checkFile": "<Function checkFile>"
    }
  },
  "plugins": {
    "onerror": {
      "enable": true,
      "package": "egg-onerror",
      "name": "onerror",
      "dependencies": [],
      "optionalDependencies": [
        "jsonp"
      ],
      "env": [],
      "from": "/Volumes/开发/StarBeamService/node_modules/egg/config/plugin.js",
      "path": "/Volumes/开发/StarBeamService/node_modules/egg-onerror",
      "version": "2.1.0"
    },
    "session": {
      "enable": true,
      "package": "egg-session",
      "name": "session",
      "dependencies": [],
      "optionalDependencies": [],
      "env": [],
      "from": "/Volumes/开发/StarBeamService/node_modules/egg/config/plugin.js",
      "path": "/Volumes/开发/StarBeamService/node_modules/egg-session",
      "version": "3.3.0"
    },
    "i18n": {
      "enable": true,
      "package": "egg-i18n",
      "name": "i18n",
      "dependencies": [],
      "optionalDependencies": [],
      "env": [],
      "from": "/Volumes/开发/StarBeamService/node_modules/egg/config/plugin.js",
      "path": "/Volumes/开发/StarBeamService/node_modules/egg-i18n",
      "version": "2.1.1"
    },
    "watcher": {
      "enable": true,
      "package": "egg-watcher",
      "name": "watcher",
      "dependencies": [],
      "optionalDependencies": [],
      "env": [],
      "from": "/Volumes/开发/StarBeamService/node_modules/egg/config/plugin.js",
      "path": "/Volumes/开发/StarBeamService/node_modules/egg-watcher",
      "version": "3.1.1"
    },
    "multipart": {
      "enable": true,
      "package": "egg-multipart",
      "name": "multipart",
      "dependencies": [],
      "optionalDependencies": [
        "schedule"
      ],
      "env": [],
      "from": "/Volumes/开发/StarBeamService/node_modules/egg/config/plugin.js",
      "path": "/Volumes/开发/StarBeamService/node_modules/egg-multipart",
      "version": "2.10.3"
    },
    "security": {
      "enable": true,
      "package": "egg-security",
      "name": "security",
      "dependencies": [],
      "optionalDependencies": [
        "session"
      ],
      "env": [],
      "from": "/Volumes/开发/StarBeamService/node_modules/egg/config/plugin.js",
      "path": "/Volumes/开发/StarBeamService/node_modules/egg-security",
      "version": "2.8.0"
    },
    "development": {
      "enable": true,
      "package": "egg-development",
      "name": "development",
      "dependencies": [
        "watcher"
      ],
      "optionalDependencies": [],
      "env": [
        "local"
      ],
      "from": "/Volumes/开发/StarBeamService/node_modules/egg/config/plugin.js",
      "path": "/Volumes/开发/StarBeamService/node_modules/egg-development",
      "version": "2.7.0"
    },
    "logrotator": {
      "enable": true,
      "package": "egg-logrotator",
      "name": "logrotator",
      "dependencies": [
        "schedule"
      ],
      "optionalDependencies": [],
      "env": [],
      "from": "/Volumes/开发/StarBeamService/node_modules/egg/config/plugin.js",
      "path": "/Volumes/开发/StarBeamService/node_modules/egg-logrotator",
      "version": "3.1.0"
    },
    "schedule": {
      "enable": true,
      "package": "egg-schedule",
      "name": "schedule",
      "dependencies": [],
      "optionalDependencies": [],
      "env": [],
      "from": "/Volumes/开发/StarBeamService/node_modules/egg/config/plugin.js",
      "path": "/Volumes/开发/StarBeamService/node_modules/egg-schedule",
      "version": "3.6.6"
    },
    "static": {
      "enable": true,
      "package": "egg-static",
      "name": "static",
      "dependencies": [],
      "optionalDependencies": [],
      "env": [],
      "from": "/Volumes/开发/StarBeamService/node_modules/egg/config/plugin.js",
      "path": "/Volumes/开发/StarBeamService/node_modules/egg-static",
      "version": "2.2.0"
    },
    "jsonp": {
      "enable": true,
      "package": "egg-jsonp",
      "name": "jsonp",
      "dependencies": [],
      "optionalDependencies": [
        "security"
      ],
      "env": [],
      "from": "/Volumes/开发/StarBeamService/node_modules/egg/config/plugin.js",
      "path": "/Volumes/开发/StarBeamService/node_modules/egg-jsonp",
      "version": "2.0.0"
    },
    "view": {
      "enable": true,
      "package": "egg-view",
      "name": "view",
      "dependencies": [],
      "optionalDependencies": [],
      "env": [],
      "from": "/Volumes/开发/StarBeamService/node_modules/egg/config/plugin.js",
      "path": "/Volumes/开发/StarBeamService/node_modules/egg-view",
      "version": "2.1.3"
    },
    "cors": {
      "enable": true,
      "package": "egg-cors",
      "name": "cors",
      "dependencies": [],
      "optionalDependencies": [],
      "env": [],
      "from": "/Volumes/开发/StarBeamService/config/plugin.ts",
      "path": "/Volumes/开发/StarBeamService/node_modules/egg-cors",
      "version": "2.2.3"
    },
    "sequelize": {
      "enable": true,
      "package": "egg-sequelize-ts",
      "name": "sequelize",
      "dependencies": [],
      "optionalDependencies": [],
      "env": [],
      "from": "/Volumes/开发/StarBeamService/config/plugin.ts",
      "path": "/Volumes/开发/StarBeamService/node_modules/egg-sequelize-ts",
      "version": "0.2.3-0"
    }
  }
}